id;nome;matricula;pis;sexo;admissao;cpf;ci;demissao;atualizado;criacao
1;multi-state generate withdrawal;Executive Handcrafted Intelligent Wooden Mouse;New Hampshire Division Agent;MASCULINO;2020-04-23;users;yellow pixel Books;2020-04-23;2020-04-22;2020-04-23
2;Future-proofed;Officer infrastructures;payment THX 1080p;MASCULINO;2020-04-23;Markets Diverse;generate;2020-04-23;2020-04-22;2020-04-23
3;hardware;Tasty Wooden Hat Wallis and Futuna orange;Uganda Shilling Zambian Kwacha methodologies;MASCULINO;2020-04-23;Books;parse Gorgeous Soft Towels orchid;2020-04-23;2020-04-22;2020-04-22
4;Licensed Implementation;Pants Crossroad scalable;Awesome Fresh Chips;MASCULINO;2020-04-23;architect communities monetize;Burundi Franc;2020-04-23;2020-04-22;2020-04-23
5;cross-media Fantastic Jamaican Dollar;Money Market Account Ergonomic Fresh Pants;Gorgeous Visionary transmitter;FEMININO;2020-04-22;global Ohio Cheese;circuit deposit;2020-04-23;2020-04-23;2020-04-22
6;client-server Marketing;SMTP;Cambridgeshire Borders View;MASCULINO;2020-04-23;SAS cross-platform;Views compress Car;2020-04-23;2020-04-23;2020-04-23
7;bi-directional Gloves;invoice Grocery;Specialist Turks and Caicos Islands Licensed;MASCULINO;2020-04-23;Games program;wireless Dynamic;2020-04-23;2020-04-22;2020-04-23
8;Balanced frame;connect Liechtenstein paradigms;invoice Wooden;MASCULINO;2020-04-23;microchip Fantastic silver;HTTP indexing;2020-04-23;2020-04-23;2020-04-22
9;e-services Investment Account IB;Swiss Franc index Liaison;Buckinghamshire;FEMININO;2020-04-23;Jewelery programming application;orchestrate cross-platform Cayman Islands Dollar;2020-04-23;2020-04-23;2020-04-23
10;payment payment Table;forecast architectures;Wooden;MASCULINO;2020-04-23;optical;International Coordinator program;2020-04-22;2020-04-23;2020-04-22
